n_transforms,pad,pad_mode,levels,masking_mode,z_score_mode,image_auroc,image_ap,image_f1,image_threshold
1,0,-,0,zero,mean,0.6209239130434783,0.3117533720178909,0.5161290284287201,11.999836921691895
1,0,-,0,zero,max,0.4891304347826087,0.24420822236990894,0.461538457827219,2190.099609375
1,0,-,0,zero,topk_0.1,0.5937499999999999,0.29388299648535376,0.5333333294222222,83.74520874023438
1,0,-,0,zero,topk_0.05,0.592391304347826,0.2893110691454935,0.5333333294222222,139.53541564941406
1,0,-,0,mean_impute,mean,0.8614130434782608,0.7202794343419343,0.6842105214404434,1.8606923818588257
1,0,-,0,mean_impute,max,0.5855978260869564,0.356021419052616,0.476190471473923,186.9645233154297
1,0,-,0,mean_impute,topk_0.1,0.8505434782608695,0.6602704604530747,0.6857142807510205,12.985185623168945
1,0,-,0,mean_impute,topk_0.05,0.8600543478260869,0.6728383264435986,0.6666666622222223,19.213327407836914
1,0,-,1,zero,mean,0.48641304347826086,0.2910583737386849,0.43835616096078067,137.7965545654297
1,0,-,1,zero,max,0.45652173913043487,0.33773428829829644,0.43835616096078067,25669.984375
1,0,-,1,zero,topk_0.1,0.483695652173913,0.28834349059632086,0.43835616096078067,1150.450439453125
1,0,-,1,zero,topk_0.05,0.48097826086956524,0.28770407245211765,0.43243242904309714,2008.8353271484375
1,0,-,1,mean_impute,mean,0.7323369565217391,0.4028709380579375,0.5909090862809917,1.669028878211975
1,0,-,1,mean_impute,max,0.532608695652174,0.2831234728558112,0.44827585807372183,131.8594207763672
1,0,-,1,mean_impute,topk_0.1,0.7296195652173914,0.38707693908349494,0.6046511581179016,10.904594421386719
1,0,-,1,mean_impute,topk_0.05,0.7051630434782609,0.36604006094213387,0.6046511581179016,17.62346839904785
1,0,-,2,zero,mean,0.6182065217391304,0.3772947056683287,0.4745762672335536,2368.534423828125
1,0,-,2,zero,max,0.5964673913043478,0.3701989525364916,0.4745762672335536,487492.71875
1,0,-,2,zero,topk_0.1,0.6195652173913044,0.3792979107965338,0.4745762672335536,22024.640625
1,0,-,2,zero,topk_0.05,0.6182065217391305,0.3788354372235951,0.4666666627555556,41035.70703125
1,0,-,2,mean_impute,mean,0.7201086956521738,0.508319569050828,0.555555550617284,1.2400768995285034
1,0,-,2,mean_impute,max,0.5665760869565217,0.40455917444153117,0.4848484811753903,30.415029525756836
1,0,-,2,mean_impute,topk_0.1,0.7092391304347826,0.48739212331124093,0.5365853610945867,6.716829299926758
1,0,-,2,mean_impute,topk_0.05,0.7024456521739131,0.4841279189932596,0.5416666622222223,9.876084327697754
1,64,reflect,0,zero,mean,0.6127717391304348,0.30429605164964485,0.5161290284287201,11.258841514587402
1,64,reflect,0,zero,max,0.53125,0.2681792593051174,0.4516128993964621,2372.35400390625
1,64,reflect,0,zero,topk_0.1,0.5842391304347826,0.2871254677760432,0.4999999962500001,78.4671401977539
1,64,reflect,0,zero,topk_0.05,0.5733695652173914,0.2815895807837995,0.4848484811753903,128.2364044189453
1,64,reflect,0,mean_impute,mean,0.7934782608695652,0.589428254101429,0.6206896502259216,1.912150263786316
1,64,reflect,0,mean_impute,max,0.5135869565217391,0.3396757437282857,0.4230769188165681,158.7427520751953
1,64,reflect,0,mean_impute,topk_0.1,0.7839673913043478,0.5395804495582814,0.6451612853277836,12.687231063842773
1,64,reflect,0,mean_impute,topk_0.05,0.7758152173913044,0.5330354574560137,0.6666666616712582,20.260652542114258
1,64,reflect,1,zero,mean,0.46467391304347827,0.2900555365297281,0.4444444406550768,155.46043395996094
1,64,reflect,1,zero,max,0.4157608695652174,0.24390661966402818,0.4444444409876544,27052.529296875
1,64,reflect,1,zero,topk_0.1,0.4565217391304348,0.2864652585593189,0.43835616096078067,1040.657470703125
1,64,reflect,1,zero,topk_0.05,0.45516304347826086,0.28589445922774376,0.43835616096078067,1873.4005126953125
1,64,reflect,1,mean_impute,mean,0.6847826086956521,0.3470142328271381,0.599999995648,1.3385146856307983
1,64,reflect,1,mean_impute,max,0.5910326086956521,0.3137232585676666,0.4705882309880815,131.19277954101562
1,64,reflect,1,mean_impute,topk_0.1,0.6847826086956521,0.3466146547120635,0.583333328888889,9.397074699401855
1,64,reflect,1,mean_impute,topk_0.05,0.6698369565217391,0.340766622153634,0.5599999956480001,14.516100883483887
1,64,reflect,2,zero,mean,0.5828804347826088,0.3578732738794442,0.43478260415879016,1975.37646484375
1,64,reflect,2,zero,max,0.5543478260869565,0.3414477314612745,0.4374999962500001,254319.953125
1,64,reflect,2,zero,topk_0.1,0.5815217391304348,0.3569674767779949,0.43478260415879016,18232.236328125
1,64,reflect,2,zero,topk_0.05,0.5760869565217391,0.35499531541085333,0.43478260415879016,33748.2421875
1,64,reflect,2,mean_impute,mean,0.702445652173913,0.4811934447569755,0.5714285667120181,1.0267080068588257
1,64,reflect,2,mean_impute,max,0.5855978260869565,0.33320199245968013,0.4615384572781066,45.99943161010742
1,64,reflect,2,mean_impute,topk_0.1,0.702445652173913,0.4240533392220473,0.5499999952000001,6.305620193481445
1,64,reflect,2,mean_impute,topk_0.05,0.6807065217391305,0.39594860488741346,0.5238095190929706,9.312060356140137
1,64,replicate,0,zero,mean,0.44836956521739135,0.23963032253962344,0.4507042218607419,10.387100219726562
1,64,replicate,0,zero,max,0.3029891304347826,0.1940456759316291,0.4102564069953978,1722.00341796875
1,64,replicate,0,zero,topk_0.1,0.41983695652173914,0.2249108381593838,0.4374999962500001,74.71534729003906
1,64,replicate,0,zero,topk_0.05,0.39266304347826086,0.21593364438457058,0.41666666320987655,118.25940704345703
1,64,replicate,0,mean_impute,mean,0.75,0.4951628728414442,0.5652173867674859,1.723657250404358
1,64,replicate,0,mean_impute,max,0.5108695652173914,0.2615320329935421,0.45901638957269564,109.69560241699219
1,64,replicate,0,mean_impute,topk_0.1,0.7540760869565217,0.47487661744145593,0.5909090862809917,11.526143074035645
1,64,replicate,0,mean_impute,topk_0.05,0.7445652173913043,0.4467555647756194,0.583333328888889,17.749881744384766
1,64,replicate,1,zero,mean,0.3967391304347826,0.23945835534840446,0.4347826051333754,106.4748764038086
1,64,replicate,1,zero,max,0.3845108695652174,0.2649177973009984,0.4210526282548477,15022.2060546875
1,64,replicate,1,zero,topk_0.1,0.3980978260869565,0.2398013431532825,0.4347826051333754,870.803466796875
1,64,replicate,1,zero,topk_0.05,0.4008152173913043,0.24142083273233092,0.4347826051333754,1525.5015869140625
1,64,replicate,1,mean_impute,mean,0.6671195652173914,0.38190289468764316,0.5357142816326531,1.3052867650985718
1,64,replicate,1,mean_impute,max,0.6154891304347826,0.3135525022255866,0.5238095190929706,158.9704132080078
1,64,replicate,1,mean_impute,topk_0.1,0.65625,0.34540743683187985,0.5357142816326531,8.373624801635742
1,64,replicate,1,mean_impute,topk_0.05,0.6494565217391305,0.3380012479771255,0.5263157854355187,13.100939750671387
1,64,replicate,2,zero,mean,0.6453804347826086,0.4797114195768469,0.5333333283555556,5795.69921875
1,64,replicate,2,zero,max,0.6304347826086957,0.4676758860548004,0.5333333283555556,1142523.25
1,64,replicate,2,zero,topk_0.1,0.6426630434782609,0.47849485513353823,0.5333333283555556,54525.453125
1,64,replicate,2,zero,topk_0.05,0.6413043478260869,0.4781377122763954,0.5333333283555556,102042.1875
1,64,replicate,2,mean_impute,mean,0.6684782608695653,0.5082329010012385,0.5294117597231834,1.074716329574585
1,64,replicate,2,mean_impute,max,0.42663043478260865,0.2851877358578461,0.4155844122921235,14.022379875183105
1,64,replicate,2,mean_impute,topk_0.1,0.6725543478260869,0.4954566664479047,0.5128205079815912,5.709275722503662
1,64,replicate,2,mean_impute,topk_0.05,0.6603260869565216,0.4798589379920287,0.5365853610945867,8.464537620544434
1,112,reflect,0,zero,mean,0.5869565217391304,0.2915760124181304,0.4999999962500001,10.958205223083496
1,112,reflect,0,zero,max,0.501358695652174,0.25921182941861987,0.44444443986172844,2709.41455078125
1,112,reflect,0,zero,topk_0.1,0.5570652173913044,0.2750879198728464,0.49180327481859726,79.52442169189453
1,112,reflect,0,zero,topk_0.05,0.5434782608695652,0.2682151691146467,0.49180327481859726,132.54376220703125
1,112,reflect,0,mean_impute,mean,0.7690217391304348,0.5083920339203655,0.583333328888889,1.7618964910507202
1,112,reflect,0,mean_impute,max,0.49184782608695654,0.27513926055204785,0.41666666320987655,101.37591552734375
1,112,reflect,0,mean_impute,topk_0.1,0.7527173913043479,0.48943265491908156,0.5714285665306124,13.650480270385742
1,112,reflect,0,mean_impute,topk_0.05,0.7228260869565217,0.46810533485975386,0.5789473635457064,20.75362777709961
1,112,reflect,1,zero,mean,0.46603260869565216,0.25439157726852135,0.4347826051333754,139.46482849121094
1,112,reflect,1,zero,max,0.43614130434782605,0.2800229857926293,0.44117646698961943,29256.955078125
1,112,reflect,1,zero,topk_0.1,0.46195652173913043,0.2527563531064352,0.4347826051333754,1192.6971435546875
1,112,reflect,1,zero,topk_0.05,0.46195652173913043,0.252046313377054,0.4347826051333754,2118.693115234375
1,112,reflect,1,mean_impute,mean,0.6616847826086956,0.3322016809848346,0.5882352898116109,1.326006531715393
1,112,reflect,1,mean_impute,max,0.5298913043478262,0.26982610267884566,0.461538457827219,77.73155975341797
1,112,reflect,1,mean_impute,topk_0.1,0.6467391304347825,0.32529195718873566,0.5490196035371012,8.366795539855957
1,112,reflect,1,mean_impute,topk_0.05,0.6236413043478262,0.3121624284613605,0.519999995648,13.866466522216797
1,112,reflect,2,zero,mean,0.6956521739130435,0.43254231213403044,0.5454545408264463,2007.2520751953125
1,112,reflect,2,zero,max,0.688858695652174,0.42367239943747553,0.5365853610945867,522608.09375
1,112,reflect,2,zero,topk_0.1,0.6915760869565217,0.42900179689513424,0.5365853610945867,21578.994140625
1,112,reflect,2,zero,topk_0.05,0.6915760869565217,0.42900179689513424,0.5365853610945867,40054.765625
1,112,reflect,2,mean_impute,mean,0.6888586956521738,0.4792902659364649,0.5333333287506173,0.8391348719596863
1,112,reflect,2,mean_impute,max,0.5910326086956522,0.3583839874637719,0.4745762672335536,34.19681930541992
1,112,reflect,2,mean_impute,topk_0.1,0.6779891304347827,0.4338379282729652,0.5283018825774297,4.663522243499756
1,112,reflect,2,mean_impute,topk_0.05,0.6616847826086956,0.421343833353957,0.5416666622222223,7.404672622680664
1,112,replicate,0,zero,mean,0.3559782608695652,0.20761191792219563,0.4155844122921235,10.81302547454834
1,112,replicate,0,zero,max,0.2758152173913043,0.18731238692162236,0.4102564069953978,1741.2862548828125
1,112,replicate,0,zero,topk_0.1,0.33967391304347827,0.20256384905510919,0.4102564069953978,72.82855987548828
1,112,replicate,0,zero,topk_0.05,0.32608695652173914,0.19889295359438622,0.4102564069953978,115.8884506225586
1,112,replicate,0,mean_impute,mean,0.717391304347826,0.4461777293157282,0.5454545408264463,1.8724538087844849
1,112,replicate,0,mean_impute,max,0.49320652173913043,0.25437256153876486,0.4262295043267939,107.96342468261719
1,112,replicate,0,mean_impute,topk_0.1,0.7173913043478262,0.4558793821563517,0.5581395302109249,12.447684288024902
1,112,replicate,0,mean_impute,topk_0.05,0.7391304347826086,0.4722102492562851,0.5581395302109249,19.496665954589844
1,112,replicate,1,zero,mean,0.4157608695652174,0.2739221949604316,0.41666666320987655,92.52904510498047
1,112,replicate,1,zero,max,0.3994565217391304,0.2702699755662609,0.4102564069953978,16083.1689453125
1,112,replicate,1,zero,topk_0.1,0.4116847826086957,0.27307800747098115,0.4210526282548477,676.3566284179688
1,112,replicate,1,zero,topk_0.05,0.41304347826086957,0.2735472266902004,0.4210526282548477,1201.664306640625
1,112,replicate,1,mean_impute,mean,0.6644021739130435,0.3866508155750426,0.5454545413289257,1.2173675298690796
1,112,replicate,1,mean_impute,max,0.6671195652173914,0.36131668522825644,0.5581395302109249,117.3927001953125
1,112,replicate,1,mean_impute,topk_0.1,0.654891304347826,0.4329255877742533,0.5185185143484226,7.659722805023193
1,112,replicate,1,mean_impute,topk_0.05,0.6413043478260869,0.4215186437060535,0.5098039172625914,12.951142311096191
1,112,replicate,2,zero,mean,0.7567934782608695,0.5947503258390354,0.5882352891349482,5600.55810546875
1,112,replicate,2,zero,max,0.7472826086956521,0.6074211226343493,0.6060606010651974,1114724.625
1,112,replicate,2,zero,topk_0.1,0.7554347826086956,0.5935964796851894,0.5882352891349482,52942.484375
1,112,replicate,2,zero,topk_0.05,0.7527173913043479,0.5913703973662969,0.5789473635457064,82782.9296875
1,112,replicate,2,mean_impute,mean,0.6413043478260869,0.4828571451855205,0.5116279023039481,0.91083163022995
1,112,replicate,2,mean_impute,max,0.4959239130434782,0.33094485171689103,0.4210526282548477,22.075572967529297
1,112,replicate,2,mean_impute,topk_0.1,0.5706521739130435,0.4291044606431724,0.46666666168888893,6.278988361358643
1,112,replicate,2,mean_impute,topk_0.05,0.5489130434782609,0.3866629461192059,0.4848484798530762,9.50548267364502
4,0,-,0,zero,mean,0.6385869565217391,0.3339143542385827,0.5238095190929706,13.627033233642578
4,0,-,0,zero,max,0.5027173913043478,0.24819522751349798,0.4687499962500001,2312.262939453125
4,0,-,0,zero,topk_0.1,0.6182065217391304,0.3189394675685949,0.48275861669441145,84.77790832519531
4,0,-,0,zero,topk_0.05,0.6032608695652174,0.30498398430318835,0.4912280661372731,141.2101593017578
4,0,-,0,mean_impute,mean,0.8342391304347826,0.6225703981570527,0.6511627860248783,1.945855975151062
4,0,-,0,mean_impute,max,0.5502717391304347,0.33140104499246,0.47999999564800006,137.15704345703125
4,0,-,0,mean_impute,topk_0.1,0.8288043478260869,0.606758184507545,0.6511627860248783,12.21958065032959
4,0,-,0,mean_impute,topk_0.05,0.8274456521739131,0.621725699069449,0.6451612853277836,20.83407974243164
4,0,-,1,zero,mean,0.43614130434782605,0.2367541493848742,0.4444444409876544,162.8045654296875
4,0,-,1,zero,max,0.42798913043478265,0.2818788848316577,0.43835616096078067,27841.31640625
4,0,-,1,zero,topk_0.1,0.42934782608695654,0.23494424225037708,0.4444444409876544,1351.718017578125
4,0,-,1,zero,topk_0.05,0.42934782608695654,0.23507185199872985,0.4444444409876544,2369.604736328125
4,0,-,1,mean_impute,mean,0.686141304347826,0.3515546008872599,0.5531914848709825,1.7293137311935425
4,0,-,1,mean_impute,max,0.5815217391304348,0.34601153143369745,0.461538457827219,105.32344818115234
4,0,-,1,mean_impute,topk_0.1,0.6875,0.35268889696399014,0.5882352898116109,9.625432968139648
4,0,-,1,mean_impute,topk_0.05,0.6793478260869565,0.34669569184394683,0.5882352898116109,15.470595359802246
4,0,-,2,zero,mean,0.6603260869565217,0.3985514446343704,0.4912280661372731,2641.873291015625
4,0,-,2,zero,max,0.65625,0.39585804413344206,0.4814814773113856,549297.1875
4,0,-,2,zero,topk_0.1,0.6603260869565217,0.3985514446343704,0.4912280661372731,24240.501953125
4,0,-,2,zero,topk_0.05,0.6603260869565217,0.3993591040267538,0.48275861669441145,44665.3046875
4,0,-,2,mean_impute,mean,0.7513586956521738,0.567086883527101,0.5384615337278107,1.4727063179016113
4,0,-,2,mean_impute,max,0.7540760869565217,0.5206044071611661,0.6190476143310658,41.62150573730469
4,0,-,2,mean_impute,topk_0.1,0.8016304347826086,0.5917667056916501,0.6285714236081633,6.979383945465088
4,0,-,2,mean_impute,topk_0.05,0.7948369565217391,0.5841211019486954,0.6111111061728396,10.278520584106445
4,64,reflect,0,zero,mean,0.5910326086956522,0.30169644268048235,0.5098039172625914,12.066314697265625
4,64,reflect,0,zero,max,0.47010869565217395,0.24645921151283395,0.44117646698961943,2262.05126953125
4,64,reflect,0,zero,topk_0.1,0.5692934782608696,0.2861447175658103,0.48275861669441145,79.65493774414062
4,64,reflect,0,zero,topk_0.05,0.5461956521739131,0.2747742821252883,0.47272726860165293,135.42335510253906
4,64,reflect,0,mean_impute,mean,0.7554347826086957,0.47325772873108346,0.571428567030404,1.7911787033081055
4,64,reflect,0,mean_impute,max,0.4293478260869566,0.2519045564746188,0.4102564069953978,72.05326843261719
4,64,reflect,0,mean_impute,topk_0.1,0.7296195652173914,0.44259043097242295,0.5599999956480001,11.095207214355469
4,64,reflect,0,mean_impute,topk_0.05,0.6915760869565217,0.4156975632082056,0.5357142816326531,16.728200912475586
4,64,reflect,1,zero,mean,0.42391304347826086,0.22676930710188783,0.4507042218607419,127.08331298828125
4,64,reflect,1,zero,max,0.40489130434782605,0.22055377190138115,0.44776119039429724,28577.375
4,64,reflect,1,zero,topk_0.1,0.4266304347826087,0.2274506324721778,0.4507042218607419,1071.6767578125
4,64,reflect,1,zero,topk_0.05,0.41711956521739135,0.22473904560250782,0.4507042218607419,1889.4251708984375
4,64,reflect,1,mean_impute,mean,0.6616847826086957,0.333593717828785,0.5769230726627219,1.3798304796218872
4,64,reflect,1,mean_impute,max,0.6317934782608696,0.3460617411153898,0.5185185143484226,111.19218444824219
4,64,reflect,1,mean_impute,topk_0.1,0.657608695652174,0.3321799493078016,0.5769230726627219,8.037341117858887
4,64,reflect,1,mean_impute,topk_0.05,0.6508152173913043,0.3310636182834459,0.5660377316340335,12.154388427734375
4,64,reflect,2,zero,mean,0.6820652173913043,0.5066068580919587,0.4999999951020409,5468.38916015625
4,64,reflect,2,zero,max,0.6875,0.508823750283618,0.4999999952000001,658686.8125
4,64,reflect,2,zero,topk_0.1,0.6820652173913043,0.5066068580919587,0.4999999951020409,50649.78125
4,64,reflect,2,zero,topk_0.05,0.6834239130434783,0.5069895111531832,0.4999999951020409,94702.0078125
4,64,reflect,2,mean_impute,mean,0.7989130434782609,0.630728493320405,0.6666666616712582,1.1826326847076416
4,64,reflect,2,mean_impute,max,0.7038043478260869,0.4063336542684369,0.5238095190929706,50.143310546875
4,64,reflect,2,mean_impute,topk_0.1,0.8070652173913044,0.5904872755958571,0.6666666616712582,6.309117794036865
4,64,reflect,2,mean_impute,topk_0.05,0.8125,0.5983220738360778,0.6486486437399562,9.276208877563477
4,64,replicate,0,zero,mean,0.4592391304347826,0.24575411683408407,0.4210526282548477,10.148659706115723
4,64,replicate,0,zero,max,0.28125,0.1911961643256722,0.4102564069953978,1948.505126953125
4,64,replicate,0,zero,topk_0.1,0.40217391304347827,0.2229860222013482,0.4210526282548477,71.2806167602539
4,64,replicate,0,zero,topk_0.05,0.35733695652173914,0.21075335926410171,0.4102564069953978,114.14476013183594
4,64,replicate,0,mean_impute,mean,0.6929347826086957,0.42685033034602177,0.5283018825774297,1.7833622694015503
4,64,replicate,0,mean_impute,max,0.41032608695652173,0.22006609881697123,0.41095890068680807,79.42338562011719
4,64,replicate,0,mean_impute,topk_0.1,0.6807065217391304,0.38778398883669846,0.519999995648,10.996647834777832
4,64,replicate,0,mean_impute,topk_0.05,0.6508152173913043,0.36199528654685986,0.5090909049652893,16.786779403686523
4,64,replicate,1,zero,mean,0.39809782608695654,0.2684961425580037,0.4266666633102223,86.1783447265625
4,64,replicate,1,zero,max,0.39673913043478265,0.26947724803254636,0.4210526282548477,15655.7060546875
4,64,replicate,1,zero,topk_0.1,0.3994565217391304,0.2694394482135053,0.4266666633102223,711.3521728515625
4,64,replicate,1,zero,topk_0.05,0.40217391304347827,0.2703859706238435,0.4266666633102223,1258.2802734375
4,64,replicate,1,mean_impute,mean,0.6453804347826086,0.3333147305458678,0.5357142816326531,1.3348302841186523
4,64,replicate,1,mean_impute,max,0.6684782608695652,0.34601451772696123,0.6190476143310658,155.46388244628906
4,64,replicate,1,mean_impute,topk_0.1,0.626358695652174,0.3125321905023917,0.5555555513854595,7.746964931488037
4,64,replicate,1,mean_impute,topk_0.05,0.6209239130434783,0.3071981859678302,0.5555555513854595,12.0167875289917
4,64,replicate,2,zero,mean,0.7364130434782609,0.5889051443192864,0.6060606010651974,6306.75927734375
4,64,replicate,2,zero,max,0.7364130434782609,0.5865336636116543,0.6111111061728396,959883.75
4,64,replicate,2,zero,topk_0.1,0.7364130434782609,0.5889051443192864,0.6060606010651974,59023.953125
4,64,replicate,2,zero,topk_0.05,0.7350543478260869,0.5876596733047936,0.6060606010651974,110586.765625
4,64,replicate,2,mean_impute,mean,0.7866847826086957,0.6491742306813251,0.6857142807510205,1.1345736980438232
4,64,replicate,2,mean_impute,max,0.71875,0.4040303329365829,0.5454545413289257,34.307769775390625
4,64,replicate,2,mean_impute,topk_0.1,0.8057065217391304,0.6193773153438734,0.6857142807510205,6.043428897857666
4,64,replicate,2,mean_impute,topk_0.05,0.8233695652173914,0.5886094771771382,0.6857142807510205,9.170462608337402
4,112,reflect,0,zero,mean,0.5638586956521738,0.27848741630170404,0.47272726860165293,11.666033744812012
4,112,reflect,0,zero,max,0.4728260869565217,0.24558854793685778,0.41666666320987655,2313.046875
4,112,reflect,0,zero,topk_0.1,0.5285326086956521,0.2617608663008067,0.45901638957269564,80.03190612792969
4,112,reflect,0,zero,topk_0.05,0.5081521739130435,0.25486506709508416,0.44117646698961943,128.69720458984375
4,112,reflect,0,mean_impute,mean,0.7228260869565217,0.43958462855523484,0.571428567030404,1.8109350204467773
4,112,reflect,0,mean_impute,max,0.4184782608695652,0.2410536777848199,0.4102564069953978,75.5819091796875
4,112,reflect,0,mean_impute,topk_0.1,0.6902173913043479,0.4158101216864804,0.5283018825774297,11.187034606933594
4,112,reflect,0,mean_impute,topk_0.05,0.6603260869565217,0.40399384955375134,0.5084745723182994,16.284053802490234
4,112,reflect,1,zero,mean,0.4415760869565218,0.23101400860150034,0.4507042218607419,121.57095336914062
4,112,reflect,1,zero,max,0.3994565217391305,0.21500754463201802,0.4444444406550768,32789.875
4,112,reflect,1,zero,topk_0.1,0.4375,0.22807215331661776,0.4507042218607419,1042.9691162109375
4,112,reflect,1,zero,topk_0.05,0.43342391304347827,0.22705362768871712,0.4507042218607419,1865.9873046875
4,112,reflect,1,mean_impute,mean,0.6603260869565217,0.3349396469417039,0.5660377316340335,1.3034464120864868
4,112,reflect,1,mean_impute,max,0.6385869565217391,0.3217421519726893,0.5660377316340335,98.23464965820312
4,112,reflect,1,mean_impute,topk_0.1,0.6589673913043478,0.33598529925207926,0.5660377316340335,7.4467878341674805
4,112,reflect,1,mean_impute,topk_0.05,0.6630434782608695,0.34206978435240787,0.5660377316340335,11.243908882141113
4,112,reflect,2,zero,mean,0.6915760869565217,0.5228760323052717,0.5238095190929706,2397.081787109375
4,112,reflect,2,zero,max,0.703804347826087,0.5264594267569154,0.5416666622222223,447336.34375
4,112,reflect,2,zero,topk_0.1,0.6888586956521738,0.5214372108089311,0.5238095190929706,22254.388671875
4,112,reflect,2,zero,topk_0.05,0.6875,0.5207923695390899,0.5238095190929706,41583.01171875
4,112,reflect,2,mean_impute,mean,0.7336956521739131,0.42337939567426225,0.5660377316340335,0.8805230259895325
4,112,reflect,2,mean_impute,max,0.6413043478260869,0.33449776026646216,0.5333333294222222,30.494159698486328
4,112,reflect,2,mean_impute,topk_0.1,0.7255434782608696,0.3962073021066388,0.581818177692562,4.44996452331543
4,112,reflect,2,mean_impute,topk_0.05,0.7201086956521741,0.379400989717412,0.5957446763603441,7.2160773277282715
4,112,replicate,0,zero,mean,0.35733695652173914,0.20936479233622524,0.4210526282548477,11.017470359802246
4,112,replicate,0,zero,max,0.264945652173913,0.19221655381970154,0.4102564069953978,1992.536865234375
4,112,replicate,0,zero,topk_0.1,0.328804347826087,0.20298255913698263,0.4102564069953978,76.31941986083984
4,112,replicate,0,zero,topk_0.05,0.3070652173913043,0.19989661446682333,0.4102564069953978,124.2592544555664
4,112,replicate,0,mean_impute,mean,0.6372282608695652,0.35545625320750357,0.49180327481859726,1.8063045740127563
4,112,replicate,0,mean_impute,max,0.41983695652173914,0.2228689560202043,0.44067796214880783,102.31947326660156
4,112,replicate,0,mean_impute,topk_0.1,0.6616847826086957,0.3731385734578459,0.4999999959183673,11.626816749572754
4,112,replicate,0,mean_impute,topk_0.05,0.6467391304347826,0.3740776099174817,0.48275861669441145,17.733491897583008
4,112,replicate,1,zero,mean,0.3967391304347826,0.22273008426283322,0.4266666633102223,80.92720794677734
4,112,replicate,1,zero,max,0.3967391304347826,0.22044170557139187,0.4210526282548477,15170.419921875
4,112,replicate,1,zero,topk_0.1,0.39945652173913043,0.22388524475896468,0.4266666633102223,663.0177612304688
4,112,replicate,1,zero,topk_0.05,0.4008152173913043,0.2243865816573604,0.4266666633102223,1162.5050048828125
4,112,replicate,1,mean_impute,mean,0.6331521739130435,0.3346828758204723,0.5384615342011835,1.3130766153335571
4,112,replicate,1,mean_impute,max,0.7010869565217391,0.3671892971838922,0.5909090862809917,110.07076263427734
4,112,replicate,1,mean_impute,topk_0.1,0.6385869565217391,0.3391188886434336,0.5454545413289257,6.876036167144775
4,112,replicate,1,mean_impute,topk_0.05,0.6467391304347827,0.3466017667647929,0.5454545413289257,10.283846855163574
4,112,replicate,2,zero,mean,0.7472826086956522,0.6032590096949084,0.624999995,6815.38525390625
4,112,replicate,2,zero,max,0.7622282608695653,0.6178186197708228,0.6451612853277836,1369869.5
4,112,replicate,2,zero,topk_0.1,0.7472826086956522,0.6032590096949084,0.624999995,64141.625
4,112,replicate,2,zero,topk_0.05,0.7472826086956522,0.6032590096949084,0.624999995,120887.9765625
4,112,replicate,2,mean_impute,mean,0.6453804347826088,0.45433635525151006,0.5405405356318481,1.0237226486206055
4,112,replicate,2,mean_impute,max,0.5176630434782609,0.32721483663829665,0.4888888843061729,44.284149169921875
4,112,replicate,2,mean_impute,topk_0.1,0.6413043478260869,0.4293511464739698,0.5238095190929706,5.38975191116333
4,112,replicate,2,mean_impute,topk_0.05,0.6480978260869565,0.45615615046647606,0.4999999953719009,7.9401702880859375
8,0,-,0,zero,mean,0.5652173913043479,0.28626320939779304,0.476190471473923,15.677775382995605
8,0,-,0,zero,max,0.4456521739130435,0.22915490450531262,0.47761193666295393,2417.11376953125
8,0,-,0,zero,topk_0.1,0.5230978260869565,0.2627426123408557,0.44827585807372183,95.23506164550781
8,0,-,0,zero,topk_0.05,0.5135869565217391,0.25589577868161084,0.4507042218607419,134.12486267089844
8,0,-,0,mean_impute,mean,0.78125,0.5644185092179123,0.562499995,2.549954652786255
8,0,-,0,mean_impute,max,0.561141304347826,0.38524995891367764,0.47272726860165293,174.8924102783203
8,0,-,0,mean_impute,topk_0.1,0.7907608695652174,0.5722676143159886,0.583333328888889,14.387883186340332
8,0,-,0,mean_impute,topk_0.05,0.7744565217391304,0.5403430747700415,0.5909090862809917,23.641191482543945
8,0,-,1,zero,mean,0.40625,0.2225379802069733,0.42253520777623493,303.9617919921875
8,0,-,1,zero,max,0.4089673913043478,0.22599813199202773,0.4210526282548477,38255.26171875
8,0,-,1,zero,topk_0.1,0.41032608695652173,0.2236594035398821,0.42253520777623493,2490.981689453125
8,0,-,1,zero,topk_0.05,0.4116847826086957,0.22384235823370635,0.42253520777623493,4298.7294921875
8,0,-,1,mean_impute,mean,0.6453804347826086,0.3431138112241686,0.5185185143484226,1.9647413492202759
8,0,-,1,mean_impute,max,0.5869565217391304,0.3480777555331429,0.49999999573964504,145.72760009765625
8,0,-,1,mean_impute,topk_0.1,0.6331521739130435,0.30988079302985705,0.5245901600644989,9.611865997314453
8,0,-,1,mean_impute,topk_0.05,0.6277173913043478,0.3059144683130201,0.5263157854355187,15.250138282775879
8,0,-,2,zero,mean,0.501358695652174,0.38696625651408606,0.4444444409876544,4772.51708984375
8,0,-,2,zero,max,0.4891304347826087,0.38394922680648386,0.4444444409876544,1077646.25
8,0,-,2,zero,topk_0.1,0.5,0.3866505999484295,0.4444444409876544,44439.52734375
8,0,-,2,zero,topk_0.05,0.5,0.3866505999484295,0.4444444409876544,82920.75
8,0,-,2,mean_impute,mean,0.7567934782608696,0.5969236133448594,0.555555550617284,1.5055614709854126
8,0,-,2,mean_impute,max,0.7907608695652175,0.5696645642369326,0.5806451562955255,41.00053405761719
8,0,-,2,mean_impute,topk_0.1,0.7608695652173914,0.620148427960928,0.624999995,6.936544418334961
8,0,-,2,mean_impute,topk_0.05,0.7690217391304348,0.6267889676258036,0.647058818546713,9.949719429016113
8,64,reflect,0,zero,mean,0.4605978260869565,0.24188149034325027,0.43243242904309714,13.725456237792969
8,64,reflect,0,zero,max,0.42663043478260865,0.22957026888846838,0.4155844122921235,2511.37890625
8,64,reflect,0,zero,topk_0.1,0.4266304347826087,0.23104748745704573,0.4210526282548477,90.34898376464844
8,64,reflect,0,zero,topk_0.05,0.4320652173913044,0.23248754442975772,0.4155844122921235,145.4190673828125
8,64,reflect,0,mean_impute,mean,0.6385869565217391,0.3801723837940988,0.47999999564800006,2.361513376235962
8,64,reflect,0,mean_impute,max,0.5434782608695652,0.39144548063539925,0.490566033520826,177.735107421875
8,64,reflect,0,mean_impute,topk_0.1,0.6304347826086956,0.3669393936010642,0.4999999962500001,14.122748374938965
8,64,reflect,0,mean_impute,topk_0.05,0.6209239130434783,0.3586646888816072,0.5079365041471403,22.698902130126953
8,64,reflect,1,zero,mean,0.3994565217391305,0.21677556984950808,0.42424242056932976,447.6390380859375
8,64,reflect,1,zero,max,0.39945652173913043,0.21602999044949717,0.4210526282548477,45706.7109375
8,64,reflect,1,zero,topk_0.1,0.4008152173913043,0.2170226054226306,0.42424242056932976,3733.376220703125
8,64,reflect,1,zero,topk_0.05,0.4008152173913044,0.2169356787571266,0.42424242056932976,6489.60791015625
8,64,reflect,1,mean_impute,mean,0.5679347826086957,0.30329613830621716,0.49180327481859726,1.8897303342819214
8,64,reflect,1,mean_impute,max,0.5230978260869565,0.2777861866895166,0.45283018446422224,156.9385986328125
8,64,reflect,1,mean_impute,topk_0.1,0.5407608695652174,0.2742499701954737,0.48387096391259105,10.446551322937012
8,64,reflect,1,mean_impute,topk_0.05,0.5217391304347826,0.26393536922969757,0.45901638957269564,17.82568359375
8,64,reflect,2,zero,mean,0.5258152173913044,0.41930551450448855,0.43835616096078067,4820.99462890625
8,64,reflect,2,zero,max,0.5258152173913043,0.42151772493973094,0.43835616096078067,1111473.5
8,64,reflect,2,zero,topk_0.1,0.5258152173913044,0.41930551450448855,0.43835616096078067,44427.97265625
8,64,reflect,2,zero,topk_0.05,0.5271739130434783,0.4202524842014582,0.43835616096078067,82700.9921875
8,64,reflect,2,mean_impute,mean,0.7445652173913044,0.5761857462886648,0.624999995,1.6035408973693848
8,64,reflect,2,mean_impute,max,0.6467391304347826,0.4029346316194279,0.5384615342011835,70.91014862060547
8,64,reflect,2,mean_impute,topk_0.1,0.7730978260869565,0.5834067360683479,0.6111111061728396,7.995889186859131
8,64,reflect,2,mean_impute,topk_0.05,0.797554347826087,0.5957721708260503,0.6285714236081633,12.447066307067871
8,64,replicate,0,zero,mean,0.3695652173913043,0.21273164951356532,0.4102564069953978,11.72101879119873
8,64,replicate,0,zero,max,0.2866847826086956,0.1942513187672816,0.4155844122921235,2126.28466796875
8,64,replicate,0,zero,topk_0.1,0.328804347826087,0.20202561481696557,0.4102564069953978,77.42167663574219
8,64,replicate,0,zero,topk_0.05,0.31521739130434784,0.20013139778010164,0.4102564069953978,124.9305191040039
8,64,replicate,0,mean_impute,mean,0.5842391304347827,0.33108857855776297,0.4637681123797522,2.049910306930542
8,64,replicate,0,mean_impute,max,0.46875000000000006,0.2461705890775688,0.4313725447135718,146.33187866210938
8,64,replicate,0,mean_impute,topk_0.1,0.5597826086956521,0.3002087089826436,0.4848484811753903,12.739352226257324
8,64,replicate,0,mean_impute,topk_0.05,0.5285326086956522,0.27859697926543864,0.4637681123797522,19.622119903564453
8,64,replicate,1,zero,mean,0.39266304347826086,0.21422702714018294,0.4347826051333754,167.19386291503906
8,64,replicate,1,zero,max,0.3953804347826087,0.21617234883108236,0.4347826051333754,29251.52734375
8,64,replicate,1,zero,topk_0.1,0.3913043478260869,0.2138263317389995,0.4347826051333754,1358.22314453125
8,64,replicate,1,zero,topk_0.05,0.3940217391304348,0.21494033684569075,0.4347826051333754,2386.60791015625
8,64,replicate,1,mean_impute,mean,0.6209239130434783,0.3136691126426415,0.519999995648,1.7606782913208008
8,64,replicate,1,mean_impute,max,0.6616847826086957,0.34436040584406574,0.5641025592636425,154.48883056640625
8,64,replicate,1,mean_impute,topk_0.1,0.6073369565217391,0.30460651908882663,0.5116279023039481,10.895691871643066
8,64,replicate,1,mean_impute,topk_0.05,0.6059782608695652,0.3035364378896693,0.5185185143484226,15.380101203918457
8,64,replicate,2,zero,mean,0.6494565217391305,0.5123470053246075,0.47999999564800006,8856.1240234375
8,64,replicate,2,zero,max,0.6413043478260869,0.5150986943999694,0.4615384568047337,5272646.5
8,64,replicate,2,zero,topk_0.1,0.6508152173913044,0.5133351476170978,0.47999999564800006,79621.1328125
8,64,replicate,2,zero,topk_0.05,0.6467391304347826,0.511268113907062,0.4705882309880815,145840.828125
8,64,replicate,2,mean_impute,mean,0.8355978260869565,0.6699347395450714,0.6274509760861208,1.4892563819885254
8,64,replicate,2,mean_impute,max,0.7377717391304348,0.47607741364872447,0.6060606010651974,150.4405517578125
8,64,replicate,2,mean_impute,topk_0.1,0.8233695652173912,0.6387173928582597,0.6274509760861208,7.3548736572265625
8,64,replicate,2,mean_impute,topk_0.05,0.8220108695652174,0.6192659349735055,0.6222222176395062,12.055091857910156
8,112,reflect,0,zero,mean,0.4157608695652174,0.2303945152853507,0.4155844122921235,14.036980628967285
8,112,reflect,0,zero,max,0.3872282608695652,0.21977296236766378,0.4155844122921235,2525.36962890625
8,112,reflect,0,zero,topk_0.1,0.38179347826086957,0.21905436643929815,0.4102564069953978,93.01197814941406
8,112,reflect,0,zero,topk_0.05,0.3817934782608695,0.21827193273772244,0.4102564069953978,148.40379333496094
8,112,reflect,0,mean_impute,mean,0.5842391304347826,0.34721807098587454,0.45714285361632656,2.325202226638794
8,112,reflect,0,mean_impute,max,0.5421195652173914,0.3780550036745046,0.4615384572781066,186.79193115234375
8,112,reflect,0,mean_impute,topk_0.1,0.5733695652173914,0.3365772962321585,0.47761193666295393,14.917133331298828
8,112,reflect,0,mean_impute,topk_0.05,0.5815217391304348,0.33474472099030556,0.47761193666295393,24.045333862304688
8,112,reflect,1,zero,mean,0.40489130434782605,0.21898095701649634,0.44444444027434843,653.8301391601562
8,112,reflect,1,zero,max,0.3994565217391304,0.21655815030335535,0.4347826051333754,63466.38671875
8,112,reflect,1,zero,topk_0.1,0.40217391304347827,0.21810007305371581,0.44444444027434843,5363.54296875
8,112,reflect,1,zero,topk_0.05,0.4048913043478261,0.21890860479974755,0.44444444027434843,9242.759765625
8,112,reflect,1,mean_impute,mean,0.5434782608695652,0.3002965889337861,0.4687499962500001,1.8791974782943726
8,112,reflect,1,mean_impute,max,0.5516304347826086,0.28412338474602733,0.49999999555555563,123.409423828125
8,112,reflect,1,mean_impute,topk_0.1,0.5122282608695652,0.2694716417679726,0.4516128993964621,11.597521781921387
8,112,reflect,1,mean_impute,topk_0.05,0.5054347826086957,0.26611500203265176,0.45901638957269564,18.58150291442871
8,112,reflect,2,zero,mean,0.6372282608695652,0.5235273930937911,0.4999999950000001,59563.60546875
8,112,reflect,2,zero,max,0.6195652173913042,0.5144477836378534,0.4848484798530762,10921484.0
8,112,reflect,2,zero,topk_0.1,0.6358695652173914,0.521123546939945,0.4999999950000001,541688.5
8,112,reflect,2,zero,topk_0.05,0.6358695652173914,0.521123546939945,0.4999999950000001,990160.0
8,112,reflect,2,mean_impute,mean,0.6725543478260869,0.4548214470731417,0.5405405356318481,1.7515382766723633
8,112,reflect,2,mean_impute,max,0.6263586956521738,0.37129146025467624,0.48387096391259105,130.37677001953125
8,112,reflect,2,mean_impute,topk_0.1,0.6589673913043479,0.4086923142721936,0.5128205079815912,10.215859413146973
8,112,reflect,2,mean_impute,topk_0.05,0.6548913043478262,0.3994104929329219,0.5128205079815912,16.94513511657715
8,112,replicate,0,zero,mean,0.34375,0.20472399853691803,0.4102564069953978,11.765975952148438
8,112,replicate,0,zero,max,0.2921195652173913,0.19254745573879678,0.4102564069953978,2087.748779296875
8,112,replicate,0,zero,topk_0.1,0.3274456521739131,0.20100823918518457,0.4102564069953978,76.43997192382812
8,112,replicate,0,zero,topk_0.05,0.31385869565217395,0.1977480054602518,0.4102564069953978,122.52467346191406
8,112,replicate,0,mean_impute,mean,0.5027173913043478,0.2750951428266619,0.43835616096078067,2.040332555770874
8,112,replicate,0,mean_impute,max,0.4375,0.23038149200255345,0.42424242056932976,116.79913330078125
8,112,replicate,0,mean_impute,topk_0.1,0.5584239130434783,0.3001307518061122,0.43999999564800013,14.041232109069824
8,112,replicate,0,mean_impute,topk_0.05,0.5475543478260869,0.2963585571293061,0.44444444027434843,22.31782341003418
8,112,replicate,1,zero,mean,0.38858695652173914,0.2124592407706774,0.4347826051333754,131.81619262695312
8,112,replicate,1,zero,max,0.3872282608695652,0.21206185219395934,0.4285714250448981,24798.92578125
8,112,replicate,1,zero,topk_0.1,0.38315217391304346,0.21092957616660044,0.4347826051333754,1054.1241455078125
8,112,replicate,1,zero,topk_0.05,0.3845108695652174,0.21142992517119888,0.43243242904309714,1682.4971923828125
8,112,replicate,1,mean_impute,mean,0.6046195652173914,0.3187577647933378,0.5116279023039481,1.6803635358810425
8,112,replicate,1,mean_impute,max,0.6915760869565217,0.3677109005460289,0.5999999952,116.58866119384766
8,112,replicate,1,mean_impute,topk_0.1,0.6046195652173914,0.31352168070347386,0.5238095190929706,9.77226448059082
8,112,replicate,1,mean_impute,topk_0.05,0.6005434782608696,0.3082432157191249,0.5238095190929706,15.949322700500488
8,112,replicate,2,zero,mean,0.6277173913043478,0.49714382964761383,0.49999999555555563,139454.015625
8,112,replicate,2,zero,max,0.626358695652174,0.4935233783015952,0.49999999555555563,27638368.0
8,112,replicate,2,zero,topk_0.1,0.6277173913043478,0.4950473563619032,0.49999999555555563,1255080.875
8,112,replicate,2,zero,topk_0.05,0.626358695652174,0.49466856848311536,0.49999999555555563,2255725.0
8,112,replicate,2,mean_impute,mean,0.6032608695652174,0.3223498267083793,0.48275861669441145,1.6513253450393677
8,112,replicate,2,mean_impute,max,0.5923913043478262,0.29313918190091287,0.49180327481859726,146.7484130859375
8,112,replicate,2,mean_impute,topk_0.1,0.5584239130434783,0.2918726638129528,0.490566033520826,10.082250595092773
8,112,replicate,2,mean_impute,topk_0.05,0.5421195652173914,0.27854979941679214,0.4814814773113856,16.853403091430664
16,0,-,0,zero,mean,0.5597826086956522,0.30017310806863806,0.4888888843061729,17.553651809692383
16,0,-,0,zero,max,0.4877717391304348,0.2454659880902549,0.4637681123797522,2380.5048828125
16,0,-,0,zero,topk_0.1,0.5461956521739131,0.2750208130098417,0.4897959139691795,112.3267593383789
16,0,-,0,zero,topk_0.05,0.5353260869565217,0.26634297024549874,0.4897959139691795,179.5069580078125
16,0,-,0,mean_impute,mean,0.7676630434782609,0.5566894257703081,0.5853658488994646,2.5218710899353027
16,0,-,0,mean_impute,max,0.5461956521739131,0.37493767879626116,0.4666666627555556,175.6475372314453
16,0,-,0,mean_impute,topk_0.1,0.7853260869565217,0.5694386087388805,0.6190476143310658,14.779815673828125
16,0,-,0,mean_impute,topk_0.05,0.7934782608695652,0.5798586796545931,0.6285714236081633,24.98052406311035
16,0,-,1,zero,mean,0.40625,0.22195197317847143,0.43243242904309714,233.7350616455078
16,0,-,1,zero,max,0.41032608695652173,0.24087689928160966,0.4266666633102223,38585.50390625
16,0,-,1,zero,topk_0.1,0.41032608695652173,0.22301052381602132,0.43243242904309714,1917.0657958984375
16,0,-,1,zero,topk_0.05,0.40896739130434784,0.22258912728473723,0.43243242904309714,3352.215576171875
16,0,-,1,mean_impute,mean,0.6630434782608696,0.3938550196156919,0.5384615342011835,2.0882351398468018
16,0,-,1,mean_impute,max,0.5760869565217391,0.35104690136701633,0.45614034683902743,129.5221405029297
16,0,-,1,mean_impute,topk_0.1,0.654891304347826,0.32718993948877856,0.5333333287506173,11.70840072631836
16,0,-,1,mean_impute,topk_0.05,0.6385869565217391,0.31340607918619157,0.5306122404997917,17.9626407623291
16,0,-,2,zero,mean,0.49592391304347827,0.3745347280967141,0.4444444409876544,5051.607421875
16,0,-,2,zero,max,0.48641304347826086,0.39264978888302093,0.4444444409876544,1142041.875
16,0,-,2,zero,topk_0.1,0.4932065217391305,0.37268605593554194,0.4444444409876544,46836.5390625
16,0,-,2,zero,topk_0.05,0.4918478260869566,0.372368566820883,0.4444444409876544,87505.9375
16,0,-,2,mean_impute,mean,0.7445652173913044,0.5971974135038467,0.5714285667120181,1.460240364074707
16,0,-,2,mean_impute,max,0.6997282608695652,0.501510501485886,0.5517241329845423,51.57529067993164
16,0,-,2,mean_impute,topk_0.1,0.7309782608695652,0.5881477299751756,0.5365853610945867,6.244490146636963
16,0,-,2,mean_impute,topk_0.05,0.7418478260869565,0.5964803684978919,0.5714285664653063,9.123025894165039
16,64,reflect,0,zero,mean,0.45652173913043476,0.24464426926591906,0.43243242904309714,15.60176944732666
16,64,reflect,0,zero,max,0.4592391304347826,0.23879229666094348,0.4516128993964621,3035.37646484375
16,64,reflect,0,zero,topk_0.1,0.43885869565217395,0.23598746019708447,0.43243242904309714,99.81169891357422
16,64,reflect,0,zero,topk_0.05,0.4279891304347826,0.2303611409462273,0.4210526282548477,158.1314697265625
16,64,reflect,0,mean_impute,mean,0.5652173913043479,0.3434316743284135,0.4444444409876544,2.390003204345703
16,64,reflect,0,mean_impute,max,0.53125,0.3940002418004848,0.43333332942222236,193.9849853515625
16,64,reflect,0,mean_impute,topk_0.1,0.5774456521739131,0.34165344578541107,0.4705882316955018,15.069551467895508
16,64,reflect,0,mean_impute,topk_0.05,0.5991847826086957,0.3474731234656817,0.5161290284287201,24.974096298217773
16,64,reflect,1,zero,mean,0.39945652173913043,0.22094795251407323,0.43243242904309714,313.2999267578125
16,64,reflect,1,zero,max,0.3953804347826087,0.21955537710016315,0.43243242904309714,55433.921875
16,64,reflect,1,zero,topk_0.1,0.3967391304347826,0.22020684579470567,0.43243242904309714,2617.622802734375
16,64,reflect,1,zero,topk_0.05,0.39538043478260865,0.21978511839929404,0.43243242904309714,4633.48779296875
16,64,reflect,1,mean_impute,mean,0.5230978260869565,0.3165934038108436,0.43243242904309714,2.0551199913024902
16,64,reflect,1,mean_impute,max,0.4035326086956521,0.2440115846345715,0.4210526282548477,169.68345642089844
16,64,reflect,1,mean_impute,topk_0.1,0.4904891304347826,0.2597773625683315,0.43243242904309714,12.373766899108887
16,64,reflect,1,mean_impute,topk_0.05,0.4864130434782609,0.2590499866494912,0.43243242904309714,20.04549217224121
16,64,reflect,2,zero,mean,0.49048913043478265,0.40056849808798345,0.4266666633102223,4654.1240234375
16,64,reflect,2,zero,max,0.4877717391304348,0.40118820493638846,0.43243242904309714,1046954.1875
16,64,reflect,2,zero,topk_0.1,0.48777173913043476,0.3991480435425289,0.4266666633102223,42724.25390625
16,64,reflect,2,zero,topk_0.05,0.48641304347826086,0.3988416709935093,0.4266666633102223,79181.5859375
16,64,reflect,2,mean_impute,mean,0.6684782608695652,0.5080847179648795,0.5333333283555556,1.6964882612228394
16,64,reflect,2,mean_impute,max,0.6684782608695652,0.3910791824065031,0.5416666622222223,94.91786193847656
16,64,reflect,2,mean_impute,topk_0.1,0.6970108695652174,0.5111533178522982,0.5714285667120181,7.916779518127441
16,64,reflect,2,mean_impute,topk_0.05,0.7038043478260869,0.5195371757814347,0.5714285667120181,12.26803207397461
16,64,replicate,0,zero,mean,0.41983695652173914,0.2284791872831939,0.4266666633102223,12.5354585647583
16,64,replicate,0,zero,max,0.3654891304347826,0.20881312678869934,0.4179104441256406,2542.91796875
16,64,replicate,0,zero,topk_0.1,0.3804347826086957,0.2143708078838847,0.4210526282548477,80.73652648925781
16,64,replicate,0,zero,topk_0.05,0.3763586956521739,0.21275177252718488,0.4210526282548477,128.15919494628906
16,64,replicate,0,mean_impute,mean,0.5380434782608696,0.3111538515601292,0.4507042218607419,2.1507768630981445
16,64,replicate,0,mean_impute,max,0.4728260869565218,0.2652572727317354,0.44067796214880783,153.82156372070312
16,64,replicate,0,mean_impute,topk_0.1,0.53125,0.316162430224839,0.45714285361632656,13.3191556930542
16,64,replicate,0,mean_impute,topk_0.05,0.5230978260869565,0.30178056824333077,0.43243242904309714,21.128618240356445
16,64,replicate,1,zero,mean,0.3872282608695652,0.2129899393985912,0.4347826051333754,166.0880126953125
16,64,replicate,1,zero,max,0.3845108695652174,0.21185060536202166,0.4347826051333754,28718.740234375
16,64,replicate,1,zero,topk_0.1,0.38315217391304346,0.21156058806166278,0.4347826051333754,1345.1824951171875
16,64,replicate,1,zero,topk_0.05,0.3804347826086956,0.21057776634516173,0.4347826051333754,2354.596435546875
16,64,replicate,1,mean_impute,mean,0.6141304347826086,0.3139000638263375,0.5185185143484226,1.914467453956604
16,64,replicate,1,mean_impute,max,0.6508152173913043,0.3465341926157862,0.5365853610945867,172.35813903808594
16,64,replicate,1,mean_impute,topk_0.1,0.5991847826086957,0.30092121215656953,0.5106382933816206,11.557214736938477
16,64,replicate,1,mean_impute,topk_0.05,0.5978260869565217,0.3027767978495856,0.519999995648,18.47882843017578
16,64,replicate,2,zero,mean,0.6059782608695652,0.4827930656627943,0.46666666168888893,24965.822265625
16,64,replicate,2,zero,max,0.5964673913043479,0.4794815270108752,0.46666666168888893,4805058.5
16,64,replicate,2,zero,topk_0.1,0.6046195652173912,0.4803816215951451,0.46666666168888893,226329.875
16,64,replicate,2,zero,topk_0.05,0.6019021739130435,0.479210412558224,0.46666666168888893,417497.5625
16,64,replicate,2,mean_impute,mean,0.7472826086956521,0.5717701157226146,0.5853658488994646,1.5360398292541504
16,64,replicate,2,mean_impute,max,0.7010869565217391,0.4180596950275405,0.5641025592636425,112.51179504394531
16,64,replicate,2,mean_impute,topk_0.1,0.7391304347826086,0.5335973841751153,0.5384615342011835,7.283458709716797
16,64,replicate,2,mean_impute,topk_0.05,0.75,0.5042055678419616,0.5531914848709825,11.386299133300781
16,112,reflect,0,zero,mean,0.42663043478260876,0.23396392874151295,0.4266666633102223,16.336233139038086
16,112,reflect,0,zero,max,0.41983695652173914,0.22866955768712022,0.4155844122921235,2675.6171875
16,112,reflect,0,zero,topk_0.1,0.3953804347826087,0.22088117157845388,0.4155844122921235,105.3428726196289
16,112,reflect,0,zero,topk_0.05,0.38315217391304346,0.2161095868881073,0.4155844122921235,166.918701171875
16,112,reflect,0,mean_impute,mean,0.5353260869565217,0.32084698491277985,0.45714285361632656,2.540199041366577
16,112,reflect,0,mean_impute,max,0.5230978260869564,0.37294895724131694,0.44067796214880783,199.96661376953125
16,112,reflect,0,mean_impute,topk_0.1,0.5475543478260869,0.32103073478366995,0.4848484811753903,16.085939407348633
16,112,reflect,0,mean_impute,topk_0.05,0.5652173913043478,0.3404741003933148,0.47761193666295393,26.278121948242188
16,112,reflect,1,zero,mean,0.40217391304347827,0.21787062275961,0.43835616096078067,375.59912109375
16,112,reflect,1,zero,max,0.39402173913043476,0.21668412848452437,0.4266666633102223,54747.125
16,112,reflect,1,zero,topk_0.1,0.4008152173913044,0.21757600996499718,0.43835616096078067,3010.960205078125
16,112,reflect,1,zero,topk_0.05,0.39945652173913043,0.2172735296262192,0.43243242904309714,5124.0478515625
16,112,reflect,1,mean_impute,mean,0.5203804347826086,0.3225417996477662,0.4507042218607419,2.1009414196014404
16,112,reflect,1,mean_impute,max,0.49592391304347827,0.27479171593834273,0.44117646698961943,171.84979248046875
16,112,reflect,1,mean_impute,topk_0.1,0.5027173913043479,0.26368179448254986,0.4444444406550768,13.759777069091797
16,112,reflect,1,mean_impute,topk_0.05,0.5081521739130435,0.2658005071216399,0.4666666627555556,23.18657875061035
16,112,reflect,2,zero,mean,0.6358695652173914,0.49462567676706337,0.4848484798530762,164146.578125
16,112,reflect,2,zero,max,0.6331521739130436,0.49186894128986386,0.476190471473923,16693848.0
16,112,reflect,2,zero,topk_0.1,0.6345108695652174,0.4929916898389588,0.4736842056509695,1127860.0
16,112,reflect,2,zero,topk_0.05,0.6317934782608696,0.49108899640666015,0.4736842056509695,2029259.125
16,112,reflect,2,mean_impute,mean,0.6521739130434783,0.4208950725523025,0.4999999951020409,2.3443708419799805
16,112,reflect,2,mean_impute,max,0.6671195652173914,0.387420323666181,0.5172413753151012,224.18629455566406
16,112,reflect,2,mean_impute,topk_0.1,0.6331521739130435,0.3817159290606085,0.48387096391259105,12.086385726928711
16,112,reflect,2,mean_impute,topk_0.05,0.6345108695652174,0.38326055704177814,0.4848484811753903,19.808698654174805
16,112,replicate,0,zero,mean,0.35054347826086957,0.20443979234834028,0.4102564069953978,12.117782592773438
16,112,replicate,0,zero,max,0.3274456521739131,0.19759134881582377,0.4179104441256406,2850.49560546875
16,112,replicate,0,zero,topk_0.1,0.34646739130434784,0.20374092856901377,0.4102564069953978,78.3264389038086
16,112,replicate,0,zero,topk_0.05,0.33695652173913043,0.20121122198659042,0.4102564069953978,125.34307098388672
16,112,replicate,0,mean_impute,mean,0.46059782608695654,0.26177142741575854,0.4266666633102223,2.080014944076538
16,112,replicate,0,mean_impute,max,0.45516304347826086,0.23636479420726617,0.42424242056932976,136.3930206298828
16,112,replicate,0,mean_impute,topk_0.1,0.5040760869565217,0.2810514647203613,0.41935483488033304,14.110332489013672
16,112,replicate,0,mean_impute,topk_0.05,0.5149456521739131,0.2927942020867528,0.43333332942222236,23.132038116455078
16,112,replicate,1,zero,mean,0.3817934782608696,0.21125023619469546,0.44117646698961943,136.9709930419922
16,112,replicate,1,zero,max,0.3804347826086957,0.2105705244881508,0.4347826051333754,27001.208984375
16,112,replicate,1,zero,topk_0.1,0.38179347826086957,0.21103310638133665,0.43835616096078067,1032.7822265625
16,112,replicate,1,zero,topk_0.05,0.37907608695652173,0.21027662372277503,0.43835616096078067,1832.9512939453125
16,112,replicate,1,mean_impute,mean,0.577445652173913,0.3065264957599087,0.5098039172625914,1.7431739568710327
16,112,replicate,1,mean_impute,max,0.6657608695652174,0.3606860077909728,0.555555550617284,132.2921905517578
16,112,replicate,1,mean_impute,topk_0.1,0.5570652173913043,0.2870534583260565,0.5106382933816206,10.530153274536133
16,112,replicate,1,mean_impute,topk_0.05,0.5747282608695653,0.30022529238084295,0.4888888843061729,17.128826141357422
16,112,replicate,2,zero,mean,0.5706521739130435,0.4617730919745612,0.4545454505785124,279906.46875
16,112,replicate,2,zero,max,0.5692934782608695,0.4606430808186194,0.4545454505785124,52720888.0
16,112,replicate,2,zero,topk_0.1,0.5747282608695652,0.46377443639240373,0.4545454505785124,2523440.0
16,112,replicate,2,zero,topk_0.05,0.5747282608695652,0.46377443639240373,0.4545454505785124,4507178.5
16,112,replicate,2,mean_impute,mean,0.5040760869565217,0.290332319055851,0.4347826051333754,1.6461611986160278
16,112,replicate,2,mean_impute,max,0.5475543478260869,0.2734971963304764,0.4705882309880815,149.60926818847656
16,112,replicate,2,mean_impute,topk_0.1,0.46739130434782605,0.25265018627271785,0.44067796214880783,10.481468200683594
16,112,replicate,2,mean_impute,topk_0.05,0.45108695652173914,0.24354002002246544,0.44067796214880783,17.446048736572266
